{
    "roc_auc": 0.9506376256682255,
    "average_precision": 0.4943275571917497
}