{
    "roc_auc": 0.9435276405900642,
    "average_precision": 0.4240987628623205
}